nan,nan,0.00000000,0.00000000,0.00000000,0.00000000,0.00000000,0.00000000,0.00000000,0.00000000,0.00000000,0.00000000,0.00000000,0.00000000,0.00000000,0.00000000,0.00000000,0.00000000,0.00000000,0.00000000,0.00000000,0.00000000,0.00000000,0.00000000,0.00000000,0.00000000,0.00000000,0.00000000,0.00000000,0.00000000,0.00000000,0.00000000,0.00000000,0.00000000,0.00000000,0.00000000,0.00000000,0.00000000,0.00000000,0.00000000,0.00000000,0.00000000,0.00000000,0.00000000,0.00000000,0.00000000,0.00000000,0.00000000,0.00000000,0.00000000,0.00000000,0.00000000,0.00000000,0.00000000,0.00000000,0.00000000,0.00000000,0.00000000,0.00000000,0.00000000,0.00000000,0.00000000,0.00000000,0.00000000,0.00000000,0.00000000,0.00000000,0.00000000,0.00000000,0.00000000,0.00000000,0.00000000,0.00000000,0.00000000,0.00000000,0.00000000,0.00000000,0.00000000,0.00000000,0.00000000,0.00000000,0.00000000,0.00000000,0.00000000,0.00000000,0.00000000,0.00000000,0.00000000,0.00000000,0.00000000,0.00000000,0.00000000,0.00000000,0.00000000,0.00000000,0.00000000,0.00000000,0.00000000,0.00000000,0.00000000,0.00000000,0.00000000,0.00000000,0.00000000,0.00000000,0.00000000,0.00000000,0.00000000,0.00000000,0.00000000,0.00000000,0.00000000,0.00000000,0.00000000,nan
nan,nan,-0.10845009,-0.10197138,-0.16740996,-0.08368333,-0.02603545,0.22912073,0.38820028,0.30564454,0.12473674,0.16488020,0.26315853,0.37508571,-0.14285140,-0.11198183,-0.84563559,-1.90488863,-2.70665789,-3.81919479,-5.07369280,-6.05181313,-6.98756695,-7.34575319,-7.87046766,-8.26531124,-7.73202276,-6.65760756,-5.28018856,-2.66762185,0.28143731,1.83664060,3.35011125,4.94799089,6.40691233,7.69949436,9.57576275,10.67448235,11.31958199,12.56229591,13.05309105,13.56644917,15.04990578,16.06105232,16.37199020,16.94000435,17.65842056,17.52037430,16.49489212,14.99121761,14.02398109,13.10186672,13.26111126,13.75212955,15.08000374,17.87864304,23.83169937,28.10105515,22.61680222,6.37096310,-8.61393642,-13.72647285,-12.88977051,-12.20626640,-12.05655289,-12.37740040,-12.77188015,-13.59333706,-14.34853745,-14.99742126,-15.79054832,-17.15425682,-17.29073334,-17.55217552,-17.54997826,-17.34681129,-17.03349686,-16.44348335,-15.67513561,-14.64447212,-13.92338181,-12.94195461,-11.88657570,-11.17426777,-10.10906124,-8.89279842,-7.93828440,-6.39871073,-4.69429302,-4.51803160,-2.56548691,-0.91046232,8.12897396,14.68877697,19.63862801,24.61787033,28.51797676,31.88811874,33.92335129,35.21518326,34.70751572,33.00641632,30.04093552,26.55140877,21.39929008,15.84753609,10.22642326,4.69639254,2.45982385,0.72544116,0.24999931,-0.09230968,-0.06463080,0.00000000,nan
nan,nan,-0.11010699,-0.09717694,-0.17979601,-0.11537351,-0.06243769,0.21908835,0.40731460,0.43340605,0.29376164,0.40418401,0.51526314,0.68656266,0.24692526,0.83278209,0.02110858,-1.27445960,-2.11556983,-3.27920818,-4.48955631,-5.50904179,-6.37300825,-6.67784882,-7.04613924,-7.52017212,-6.90244913,-6.00351763,-4.87849617,-2.27646518,1.18222070,3.48748732,5.72853518,8.03454971,10.33091831,12.71899986,15.87578297,17.80593681,19.35449982,21.64617157,22.79836464,23.96832657,26.39815521,28.40901756,29.40401840,30.76655388,32.39976120,32.70488358,31.32776833,28.92133331,27.36167145,25.70346069,25.37525749,25.54061317,27.38379097,31.49149704,40.99015808,48.38063812,36.56197739,4.55029106,-23.55714607,-31.77014351,-29.27100182,-27.51376915,-26.88949585,-27.19639778,-27.92013931,-28.74182892,-29.65332413,-30.49753380,-31.23299408,-33.31843567,-33.40869522,-33.27274323,-32.76139069,-32.05875015,-31.22184563,-29.81968307,-28.32687378,-26.50951004,-24.80983543,-22.80698586,-20.76755714,-19.18401337,-16.98607826,-14.85430908,-13.07563972,-10.53391933,-7.91711617,-6.08974504,-4.42459869,-5.64797926,7.45623684,14.92864609,19.59685326,24.78816795,28.88357544,32.49690628,34.63949203,36.09776688,35.50424957,33.64601517,30.64253616,27.26213837,21.93087196,16.19851685,10.39692974,4.67825937,2.35465980,0.59160268,0.16242510,-0.17420691,-0.14610104,0.00000000,nan
nan,nan,-0.11062633,-0.08711503,-0.19140166,-0.15659182,-0.10073661,0.18853536,0.41095543,0.53536201,0.43529993,0.62679702,0.74710923,0.96120608,0.63620895,1.77450585,0.91408497,-0.55205387,-1.36617732,-2.51077580,-3.61657381,-4.63654041,-5.38686466,-5.64586496,-5.88228655,-6.44471598,-5.75672960,-5.09629631,-4.33265448,-2.00179839,1.70358050,4.13682652,6.45852089,8.80751991,11.17163944,13.92428112,17.42137718,19.50473022,21.42641449,24.15521049,25.90346909,27.79993820,31.19234848,33.88510513,35.71593857,37.71428299,39.59618759,39.96767044,38.73131943,36.61126709,35.21566010,33.70375061,33.18277740,33.30973053,35.99824905,40.79972839,51.43278122,60.18026352,40.73028564,-4.24678946,-41.06289291,-49.59193802,-44.55601883,-41.03269577,-39.09323502,-38.58590317,-38.81549072,-39.09360123,-39.48707581,-39.82307434,-40.05131149,-41.92554092,-41.88431168,-40.96180725,-39.67014313,-38.33249664,-36.83323288,-34.75131607,-32.60069275,-30.27076912,-28.03060722,-25.59401512,-23.24173164,-21.41570091,-18.90193939,-16.57500267,-14.61545944,-11.89122009,-9.20576572,-6.68432665,-5.61504459,-10.16278267,6.58244658,14.62529564,18.70480537,23.87077522,28.00377464,31.71536446,33.90822983,35.51691055,34.90697861,33.02065277,30.16269302,27.10284996,21.81440926,16.11513710,10.34121799,4.59646082,2.24398971,0.48677328,0.10345717,-0.21328613,-0.18918914,0.00000000,nan
nan,nan,-0.11163887,-0.07630923,-0.20172496,-0.19978283,-0.13186784,0.16882417,0.43475714,0.65304935,0.58333999,0.86116421,0.98712128,1.23439622,1.02324545,2.70293713,1.78226769,0.14478545,-0.64376813,-1.77321625,-2.78247309,-3.82103419,-4.46428061,-4.68757010,-4.80671978,-5.45483303,-4.69691467,-4.25761414,-3.83964276,-1.77133739,2.10712671,4.50459194,6.71511221,8.91900158,11.10065556,13.94736290,17.45883369,19.45459557,21.44972420,24.21172714,26.09419823,27.99463844,31.33704185,34.20417786,36.30627823,38.69189072,40.80138016,41.38336945,40.65190125,38.82698441,37.95711136,37.01393890,36.67351913,37.48066330,40.86749649,46.37221146,56.57545471,63.90220261,36.88792419,-14.27743721,-54.22386169,-61.18485260,-53.68711090,-48.68055725,-45.32913589,-43.83435440,-43.26794434,-42.82212067,-42.59970856,-42.33178329,-41.91353226,-43.45453262,-43.41733551,-42.24573898,-40.68725967,-39.13762665,-37.51593018,-35.44814682,-33.21043777,-30.86905861,-28.55134964,-26.04410172,-23.72642326,-21.94168282,-19.41923904,-17.11666489,-15.19479179,-12.49736023,-9.92027569,-7.27371454,-6.78280544,-14.62152100,5.81904554,14.47238731,18.00436974,23.16505623,27.35139275,31.16911697,33.41027451,35.16481781,34.52269363,32.59179306,29.85442352,27.08621407,21.80936623,16.11235046,10.33719063,4.54009914,2.15035224,0.39126083,0.05027495,-0.24917574,-0.22862260,0.00000000,nan
nan,nan,-0.11268312,-0.06457233,-0.20949088,-0.24261063,-0.16942316,0.12905557,0.40029603,0.77346390,0.70103395,1.02644217,1.15215218,1.51179898,1.46246552,3.61951041,2.59180021,0.87223190,0.06675332,-1.04475152,-1.95699358,-3.02416062,-3.55639338,-3.74776626,-3.75282669,-4.47500086,-3.64506173,-3.41013694,-3.30775785,-1.54508567,2.43193889,4.80108690,6.84319973,8.87478638,10.83524418,13.70276928,17.15716171,19.00227928,20.98129845,23.64733887,25.52820015,27.31494713,30.37119293,33.12360001,35.18769073,37.48420334,39.47587204,40.03562164,39.53583145,38.04765320,37.52671814,36.99629974,36.99501038,38.25900650,42.26512146,48.03131866,57.42670059,61.35349274,29.77302933,-20.86214828,-59.97380829,-66.06210327,-57.15857697,-50.94510269,-46.44628525,-44.22333145,-43.11721039,-42.11967850,-41.62616730,-41.41076279,-41.04163361,-42.50074768,-42.67094040,-41.47091293,-39.94959259,-38.40914154,-36.87646866,-35.05118942,-32.89667130,-30.68037224,-28.43396378,-25.97050095,-23.77644920,-22.10342407,-19.66696167,-17.43676186,-15.59961033,-12.95799541,-10.50051594,-7.89178705,-7.96751213,-19.09322548,5.06634808,13.90782356,17.33332253,22.51434135,26.72510338,30.64233017,32.94229889,34.83726120,34.15834045,32.18226624,29.56189537,27.07885551,21.81104469,16.11401749,10.33563137,4.48564482,2.06029058,0.29984677,0.00030637,-0.28293374,-0.26551637,0.00000000,nan
nan,nan,-0.11374820,-0.05206000,-0.21432380,-0.27351749,-0.24456947,0.04505977,0.34701264,0.65120292,0.58752590,0.97626328,1.10122991,1.57962155,1.82084358,4.53262234,3.29073262,1.51933300,0.76163960,-0.32383949,-1.13794506,-2.25146341,-2.73086858,-2.82073092,-2.71454740,-3.49972773,-2.61945200,-2.58774972,-2.85073543,-1.29401731,2.74215269,5.07076073,6.97124815,8.83630276,10.59634113,13.49503899,16.93362999,18.56337738,20.53969193,23.08152199,24.94503593,26.61135864,29.39506912,32.00703430,33.96875381,36.08731842,37.90820312,38.35813522,37.86108780,36.39167786,35.78522873,35.25806046,35.35031891,37.07579041,41.24599838,46.89643478,55.31842804,55.37904739,22.52681541,-23.61976814,-59.94465637,-66.16666412,-56.96151352,-50.04294586,-45.03741837,-42.45780563,-41.23583603,-40.41418457,-40.06397247,-39.83086777,-39.81715393,-41.33160782,-41.43660736,-40.32707596,-38.97487259,-37.46529007,-36.07387924,-34.53673553,-32.50444412,-30.44185066,-28.33697701,-25.95836449,-23.84910393,-22.28579140,-19.95290565,-17.78330040,-16.02900124,-13.42775917,-11.06933022,-8.52242661,-9.16125011,-23.05833817,4.33596325,13.13230228,16.67301178,21.98531723,26.14697075,29.99189186,32.45090103,34.51408768,33.79756927,31.77733612,29.27280998,27.07087135,21.81222343,16.11533165,10.33384323,4.43203163,1.97316515,0.21222308,-0.04662234,-0.31447122,-0.29987335,0.00000000,nan
nan,nan,-0.11482608,-0.03896506,-0.21620610,-0.30215004,-0.30108050,-0.01674438,0.24109010,0.53917885,0.48122188,0.93378735,1.05534470,1.67325640,2.17682290,5.42831182,4.03774500,2.15482020,1.44705439,0.38841337,-0.32675955,-1.49291050,-1.91396832,-1.90736139,-1.69301200,-2.53203130,-1.60337424,-1.76000071,-2.38957882,-1.04198921,3.07021356,5.37167835,7.06561422,8.82868004,10.41309452,13.35289192,16.79718399,18.20205688,20.20388603,22.63357925,24.46949005,26.03550529,28.54908180,30.98725700,32.86425018,34.83124161,36.50736618,36.85558701,36.38666153,34.90484238,34.06797028,33.34667969,33.35919571,35.22618484,39.22238922,44.44371796,51.30554199,47.36579514,15.75727177,-23.97595787,-56.46100616,-63.36232376,-54.70028305,-47.61777115,-42.76988602,-40.33809662,-39.34467697,-38.80733490,-38.67036819,-38.56686020,-38.82997894,-40.39833069,-40.20542526,-39.28323746,-38.14786530,-36.69480515,-35.43507004,-34.15422058,-32.22868347,-30.30263710,-28.28378868,-26.03868675,-24.00496292,-22.53205109,-20.30816460,-18.18454361,-16.50900841,-13.93183804,-11.65457058,-9.16120052,-10.36465931,-23.14992142,3.79909444,12.36267090,16.02427864,21.47152138,25.70839882,29.36266136,31.77886391,34.16257858,33.47518539,31.37823868,28.98807335,27.06285477,21.81337357,16.11660576,10.33204174,4.37932396,1.88884306,0.12899110,-0.09071765,-0.34386778,-0.33182764,0.00000000,nan
nan,nan,-0.11591104,-0.02550986,-0.21538451,-0.32844803,-0.33315983,-0.06287966,0.14743848,0.43548837,0.38209522,0.89863330,1.01420105,1.72398150,2.51474094,6.24157715,4.78055048,2.76259494,2.12228179,1.09104311,0.47582480,-0.74905586,-1.10665488,-1.00832474,-0.68888324,-1.57431769,-0.59934008,-0.92809784,-1.85910940,-0.78698146,3.40653729,5.56121159,7.18474436,8.83721638,10.26124763,13.25887680,16.59631920,17.89722824,19.93928719,22.26789284,24.06081581,25.52385330,27.76928139,30.05055809,31.83085442,33.63538742,35.13618469,35.37578583,34.92817688,33.47306824,32.50958252,31.63403702,31.43356705,33.28130722,36.96749496,41.19289780,46.17516327,38.22827911,9.69903088,-22.81038284,-50.89329910,-58.71056366,-51.35312653,-44.80771255,-40.54229355,-38.45830536,-37.72220993,-37.39451218,-37.40917969,-37.47267151,-37.89311981,-39.43856430,-39.08517075,-38.38645935,-37.40485001,-36.06129074,-34.93225861,-33.87947464,-32.05210876,-30.24222946,-28.29828453,-26.17531967,-24.20526695,-22.80966759,-20.70612717,-18.62011147,-16.98839569,-14.46445370,-12.25506020,-9.80513000,-11.57338810,-23.59013748,3.26600718,11.60090542,15.38779163,20.97427940,25.28577042,28.74706459,31.21498680,33.80744171,33.16154099,30.98559189,28.70804214,27.05488014,21.81455421,16.11786652,10.33025742,4.32742071,1.80715835,0.04909761,-0.13217254,-0.37120867,-0.36150455,0.00000000,nan
nan,nan,-0.11699425,-0.01190097,-0.21234745,-0.32782063,-0.34469309,-0.09739283,0.07115353,0.34786144,0.29008046,0.87040818,0.97743851,1.77412307,2.84941316,7.02423239,5.51619244,3.36249018,2.78659058,1.78322959,1.26970875,-0.02046582,-0.30971920,-0.12405610,0.29739600,-0.62863851,0.39051792,-0.09316146,-1.33482873,-0.48049399,3.75130844,5.76974058,7.32103157,8.85288906,10.09805584,13.19619274,16.51226234,17.62627029,19.71632576,21.94145393,23.68456841,25.05301476,27.04065514,29.15735626,30.82541656,32.45211411,33.78759003,33.92928696,33.49245071,32.06025314,30.99824333,30.01893044,29.67366791,31.39916229,34.66713333,37.69956207,40.35676193,29.04987907,4.67824125,-20.62259483,-44.13138199,-53.02632141,-47.67616653,-42.09309387,-38.54254532,-36.77272415,-36.22150421,-36.05239105,-36.19385910,-36.37411118,-36.76559830,-38.37364960,-38.01065445,-37.53855133,-36.72471619,-35.48883057,-34.48554993,-33.63031387,-31.91650581,-30.21009636,-28.34804916,-26.33605766,-24.42020035,-23.09538460,-21.12897682,-19.07787895,-17.42711258,-15.01211262,-12.86192417,-10.45107746,-12.78590679,-24.03459549,2.73882294,10.84728432,14.76452446,20.49611473,24.88107681,28.14522362,30.66348839,33.46000290,32.85868454,30.59987450,28.43299294,27.04693031,21.81576729,16.11912346,10.32850552,4.27658224,1.72842467,-0.02595661,-0.17115621,-0.39657214,-0.38901177,0.00000000,nan
nan,nan,-0.11806967,0.00065200,-0.20784090,-0.34837320,-0.34793413,-0.12015092,0.02259720,0.26616454,0.20508052,0.84868538,0.94465047,1.82360768,3.17223024,7.80224752,6.24422979,3.97575378,3.43971801,2.46425152,2.01556802,0.69290370,0.47667524,0.74505216,1.26935720,0.30319494,1.36435711,0.74288875,-0.80551392,-0.16552037,4.10182428,5.99389172,7.46968317,8.87359715,10.02798271,13.15561581,16.30112267,17.38382721,19.52438927,21.64676094,23.33703804,24.60199738,26.33714867,28.28446198,29.83557129,31.30129433,32.47221756,32.52965927,32.09654236,30.68771172,29.54685020,28.47981453,28.00728989,29.63430786,32.39899826,34.24636459,34.37130356,20.96204948,0.97044587,-17.98713112,-37.14752960,-47.01863480,-44.00701523,-39.60783768,-36.71558762,-35.16777802,-34.80134964,-34.77010727,-35.01415634,-35.29021072,-35.64794540,-37.20783997,-36.97062302,-36.70840836,-36.06178284,-34.93961334,-34.05823135,-33.38483810,-31.78245926,-30.17772675,-28.40579987,-26.50173187,-24.63674545,-23.37930679,-21.56173325,-19.54454422,-17.87077141,-15.56508732,-13.46777725,-11.09576988,-13.99977112,-24.48061752,2.22606587,10.10178947,14.16360664,20.03662300,24.49338913,27.55708504,30.12434006,33.11997604,32.59328079,30.22161674,28.16328812,27.03903008,21.81696320,16.12036514,10.32677269,4.24819756,1.66057944,-0.09832514,-0.20781614,-0.42002717,-0.41444808,0.00000000,nan
nan,nan,-0.11913141,0.01279615,-0.20057534,-0.36851445,-0.33639058,-0.13460608,-0.01510131,0.19342431,0.12699120,0.83304787,0.91544068,1.87238455,3.49442744,8.58274937,6.96365166,4.57803869,4.08088493,3.13318682,2.61605358,1.39807856,1.24991369,1.59936714,2.22474957,1.21968508,2.32070708,1.56162715,-0.26756376,0.15729409,4.45536613,6.24240065,7.63512087,8.92066574,9.99249268,13.14506435,16.12608528,17.16069603,19.35688591,21.37475395,22.99930763,24.15797043,25.65507698,27.43533134,28.86907959,30.18759727,31.20038223,31.18568230,30.75027275,29.36668015,28.17149544,27.03495979,26.43331909,27.90556908,30.16114044,30.76925468,28.53726578,14.66167831,-1.31562066,-15.48498154,-30.89449883,-41.11245346,-40.48426437,-37.30152130,-34.98868942,-33.68637848,-33.45516586,-33.54449463,-33.86778259,-34.22941208,-34.57556915,-36.08379745,-35.96223068,-35.89286804,-35.40459061,-34.40039825,-33.62263489,-33.13256836,-31.62970734,-30.13086510,-28.45802689,-26.65924644,-24.84717941,-23.65319633,-22.00148392,-20.01511765,-18.31725121,-16.11968040,-14.06763363,-11.73588943,-15.21190357,-24.92569160,1.72936738,9.36449623,13.57791233,19.40486526,23.95666695,26.98303032,29.59749794,32.79691315,32.33760452,29.84976387,27.89927483,27.03118324,21.81814003,16.12159538,10.32505989,4.22063255,1.59483778,-0.16810948,-0.24227940,-0.44163352,-0.43790478,0.00000000,nan
nan,nan,-0.12017676,0.02422947,-0.16221824,-0.35354364,-0.30966714,-0.14502926,-0.04360343,0.12827514,0.05569459,0.82307643,0.88945669,1.92042768,3.81614423,9.38570881,7.65817785,5.16927624,4.69969320,3.78422213,3.20260119,2.05938101,1.92468774,2.44500804,3.01995158,2.11955357,3.25823212,2.37527966,0.27772319,0.48720938,4.82558346,6.49911404,7.83310032,8.91361523,9.97930908,13.15109825,15.97535324,16.94946289,19.20738602,21.11705589,22.66839027,23.71953583,24.99619102,26.61493874,27.93249512,29.11541367,29.97501373,29.90235710,29.45961571,28.10189247,26.88000679,25.69653702,24.97301102,26.19966888,27.94017601,27.35023689,23.07811737,10.12662125,-2.46879864,-13.41634750,-25.78908157,-35.63321686,-37.13875580,-35.11976624,-33.34127045,-32.27883148,-32.17938995,-32.37195587,-32.75097656,-33.19013596,-33.54675293,-34.99646378,-34.98561859,-35.09072113,-34.75185776,-33.86550140,-33.19436264,-32.86774445,-31.45806313,-30.06611443,-28.49966812,-26.80259895,-25.04261398,-23.91156578,-22.43593979,-20.48527336,-18.76297188,-16.67087364,-14.65687847,-12.36825275,-16.41890144,-25.36734390,1.24923968,8.63604069,13.00825691,18.57946777,23.24670029,26.42277336,29.08289528,32.48271561,32.08995438,29.47884560,27.64136887,27.02338600,21.81929779,16.12283134,10.32335567,4.19392920,1.53112638,-0.23544940,-0.27466491,-0.46144199,-0.45946309,0.00000000,nan
nan,nan,-0.12120482,0.03466601,-0.10911947,-0.31646606,-0.30740002,-0.14792040,-0.06306591,0.07148942,-0.00892482,0.81840146,0.86640662,1.96771300,4.13896704,10.07431221,8.34447002,5.74964762,5.30569172,4.42131996,3.77445817,2.44974351,2.46975780,3.25421977,3.79890919,3.00127292,4.17590714,3.18261671,0.82911927,0.82348341,5.06229115,6.76954556,7.92823601,8.92797756,9.98520279,13.16674900,15.84573460,16.75069618,19.06955528,20.87111473,22.34340858,23.28627396,24.36214638,25.82685471,27.03052521,28.08986855,28.79746437,28.68080902,28.22726822,26.89467049,25.65015221,24.46811104,23.58287621,24.52680588,25.73888016,24.06324005,18.36002350,6.95272589,-3.02960348,-11.83633137,-21.79688263,-30.82509422,-33.95171738,-33.02972412,-31.76581192,-30.93898773,-30.96818924,-31.24810982,-31.65539551,-32.16539383,-32.55944061,-33.93976593,-34.04213333,-34.30193710,-34.10164642,-33.33274460,-32.76955414,-32.58820724,-31.27140045,-29.97468948,-28.52374649,-26.92565727,-25.22349167,-24.18343163,-22.82527924,-20.95119286,-19.20347214,-17.21318245,-15.23336315,-12.98986340,-17.61760139,-25.80295181,0.78619206,7.91727257,12.45548344,17.77203369,22.55286598,25.87635040,28.58050537,32.19270706,31.85081291,29.19393921,27.38960075,27.01564789,21.82045746,16.12407303,10.32166195,4.16810274,1.46938002,-0.30062130,-0.30500123,-0.47949454,-0.47919238,0.00000000,nan
nan,nan,-0.12221631,0.04385093,-0.04080253,-0.28037375,-0.30077478,-0.14224577,-0.08153822,0.02292228,-0.06699833,0.81868809,0.84607846,2.01422644,4.45521975,10.36890125,9.04156208,6.30263090,5.89892292,5.04417610,4.33032560,2.81664324,2.98513937,4.04707098,4.56114912,3.86391830,5.07284260,3.98241591,1.38529801,1.16515863,5.31220722,7.04962254,8.04317188,8.96061420,10.00881100,13.18838024,15.73353958,16.56171989,18.94027901,20.63513374,22.02367783,22.85786057,23.75397110,25.07335854,26.16634750,27.11417961,27.68461800,27.51931953,27.05321503,25.74383354,24.47157860,23.29059029,22.28609467,22.89902115,23.56984901,20.98286819,14.50320530,4.74574995,-3.37225866,-10.68258381,-18.75124550,-26.77258110,-30.93476486,-31.01943016,-30.25538063,-29.66084480,-29.80125618,-30.16793633,-30.60942459,-31.16860580,-31.61084938,-32.90683365,-33.13272858,-33.52699280,-33.45376968,-32.79932022,-32.34610367,-32.29228592,-31.06458664,-29.86323738,-28.52851295,-27.02215004,-25.32812691,-24.43427849,-23.20520592,-21.40889549,-19.63592529,-17.74380302,-15.79490566,-13.59809494,-18.80478859,-26.22755051,0.34067097,7.20882988,11.92055988,16.98292542,21.87520790,25.34378815,28.09025764,31.99928474,31.64572716,28.91512680,27.14434433,27.00793266,21.82163048,16.12530136,10.31998539,4.14315796,1.40953743,-0.36595720,-0.33339864,-0.49582660,-0.49715203,0.00000000,nan
nan,nan,-0.12320857,0.05160995,0.02936114,-0.21727653,-0.28106073,-0.13756819,-0.09223853,-0.01762836,-0.11868705,0.82365489,0.82837778,2.05989671,4.73901176,10.65868473,9.72773075,6.77661228,6.47963047,5.65337515,4.87075567,3.29823828,3.49424076,4.82273722,5.30651808,4.70844507,5.94840050,4.77354193,1.94486308,1.51261687,5.57352400,7.34166527,8.17466736,9.00938892,10.04859543,13.21270370,15.63295841,16.38149071,18.81825829,20.40778732,21.70851517,22.43685722,23.17219162,24.35550308,25.34174728,26.18980598,26.65371704,26.42815018,25.93546104,24.64555550,23.35031319,22.14886856,21.05789185,21.32175827,21.44956207,18.19058418,11.46041679,3.20925426,-3.62991166,-9.83237267,-16.45733070,-23.45110703,-28.12273407,-29.07947922,-28.80100632,-28.43747139,-28.68957520,-29.12707520,-29.59900475,-30.21679306,-30.69658089,-31.89004135,-32.25784683,-32.76588058,-32.80845261,-32.26284027,-31.92200851,-31.97925186,-30.83683205,-29.72778511,-28.51037979,-26.98391914,-25.42506599,-24.67470932,-23.57175255,-21.85476875,-20.05727959,-18.25893974,-16.33749771,-14.19039059,-19.97790909,-26.64111710,-0.08708549,6.51123095,11.40486336,16.21245384,21.21381378,24.82510567,27.61220551,31.81449509,31.49667358,28.64287186,26.95987701,27.00041962,21.82280731,16.12653160,10.31831169,4.11908150,1.35154724,-0.42928213,-0.35988149,-0.51046288,-0.51339394,0.00000000,nan
nan,nan,-0.12455819,0.05975482,0.13694414,-0.10350288,-0.25209337,-0.09562685,-0.09501697,-0.06111404,-0.18018769,0.83813125,0.80833751,2.12184191,5.20022917,11.05314827,10.66026974,7.41451740,7.25346994,6.47804499,5.72496796,4.25727272,4.54285765,5.86963892,6.31132269,5.81011772,7.12591648,5.85399532,2.72374630,2.02976656,5.95135355,7.70981312,8.38106060,9.09957600,10.12646770,13.24556351,15.50751114,16.14454842,18.70742226,20.12163544,21.27997398,21.86597252,22.41109276,23.42031860,24.26648712,24.99431801,25.33266640,25.03930855,24.47589874,23.19787407,21.90346909,20.67552948,19.46343040,19.20969391,18.66068649,14.89009094,8.36698246,1.75775993,-3.87618303,-8.93389606,-14.14768028,-19.88549232,-24.64992142,-26.51467323,-26.86702919,-26.82115936,-27.21936226,-27.78030586,-28.25690651,-28.94527435,-29.48263931,-30.49237442,-31.10289192,-31.73355103,-31.92044830,-31.51444626,-31.33156013,-31.51812172,-30.48604012,-29.49906158,-28.44241905,-26.90883636,-25.54130363,-24.98509979,-24.04980659,-22.44485283,-20.61654472,-18.93705559,-17.05539894,-14.98169231,-21.57910919,-27.19281769,-0.65019149,5.56352186,10.72658443,15.17609501,20.32369614,24.12945938,26.96967316,31.57345772,31.30989265,28.27629471,26.87682533,26.99066353,21.82451248,16.12819290,10.31603432,4.08712292,1.27414560,-0.51365876,-0.39371940,-0.52801991,-0.53315121,0.00000000,nan
nan,nan,-0.12739922,0.06636459,0.40169322,0.15946534,-0.23522392,0.03171422,-0.09675161,-0.11509712,-0.27359173,0.87983680,0.76773202,2.32340312,5.87678719,11.90012646,12.59364319,8.68165874,8.61728954,7.94676781,7.41667604,6.15454292,6.56520176,7.96269751,8.32001686,8.02314186,9.46294594,8.05601120,4.35196066,3.20115781,6.79917860,8.45878315,8.88648129,9.35808659,10.35712624,13.30055428,15.27375507,15.69158649,18.27249908,19.46390915,20.43071747,20.74147987,20.98586655,21.68078041,22.26809502,22.79555511,22.92865181,22.50656319,21.72097397,20.53872490,19.20016289,17.97644806,16.51402664,15.35786057,13.70083618,9.81192875,4.42962360,-0.11777045,-3.92037821,-7.34694386,-10.94883060,-14.87806320,-18.97285652,-21.72585297,-23.11669922,-23.69308853,-24.37865639,-25.09453011,-25.65154266,-26.45815277,-27.10389137,-27.74815750,-28.88559151,-29.65390205,-30.11037636,-30.02470589,-30.08044243,-30.46189690,-29.62929153,-28.87394142,-28.13903809,-26.65298462,-25.69533157,-25.52531052,-24.91242218,-23.55072021,-21.67339134,-20.16013527,-18.41817093,-16.51523590,-24.80659103,-28.25442314,-1.71472287,3.64944124,9.13439846,13.11697960,18.55501747,22.75329018,25.69503212,31.17713547,30.96633148,27.56063271,26.73436928,26.97049141,21.82829094,16.13176346,10.31134129,4.02528429,1.12226284,-0.67854911,-0.49670467,-0.57356960,-0.56466830,0.00000000,nan
nan,nan,-0.13321671,0.04358827,0.60127831,0.24711461,0.12376949,0.39166969,0.03200644,-0.05610060,-0.34082812,0.39371294,0.44173872,2.71020031,7.19008064,13.48334885,13.78975391,10.94212723,10.79613113,10.12646961,10.15523434,9.51243210,10.17967701,11.74303055,12.07095051,11.96816826,13.60698318,12.17211437,7.47110653,5.06449032,8.65862656,9.69249058,10.24969673,10.09142971,10.93919849,14.04273796,15.52299786,15.03963757,17.52240944,18.33506393,18.93511772,18.90210915,18.79681587,19.02445030,19.22242546,19.45920563,19.26418686,18.60157013,17.51325798,16.38256836,15.02657604,13.72914124,12.10038090,9.91998196,7.40072632,4.35783911,0.96990860,-1.76708043,-3.78394437,-5.30271292,-7.16453314,-9.47964382,-12.09491539,-14.70969677,-16.92248917,-18.33541489,-19.46826172,-20.37610626,-21.15073013,-22.09621429,-22.82347870,-23.98311043,-25.05480766,-26.01004601,-26.75668526,-27.08546638,-27.50092506,-28.05665016,-27.55426025,-27.17113113,-26.97313881,-25.77953148,-25.55755043,-26.02705765,-25.92665863,-25.06273842,-23.18670464,-21.99831581,-20.47613335,-18.95904922,-28.02611732,-29.87020683,-3.37257648,0.15113573,4.03816080,9.45477867,15.38122272,20.32507133,23.42918777,30.00835609,29.87730217,25.71689987,26.57386208,26.93072891,21.83579445,16.13880730,10.30205727,3.92150497,0.85865569,-0.98884130,-0.66900802,-0.62885910,-0.58889556,0.00000000,nan
nan,nan,-0.14353529,-0.06575017,0.69493210,0.44204986,0.38729292,0.55472016,0.34646288,0.28997919,-0.37373826,-0.05383809,0.32772115,3.33237696,8.95338631,15.47610283,15.40839195,13.90759087,13.62959290,13.09318161,13.92934513,13.82295227,14.98757744,16.41398811,17.11703110,17.26044655,18.85113144,17.96322250,12.74259663,9.72867775,11.53687572,11.65099812,13.00708580,11.78467846,13.02499771,15.99531746,16.49014854,15.42617607,16.78452492,17.37121010,17.51084328,17.13826942,16.69938469,16.45996666,16.25357628,16.11121559,15.42669868,14.41791821,13.25495243,12.12223625,10.86534500,9.57250500,8.05398655,5.98966360,4.00551701,1.90342522,0.20114441,-0.87061328,-1.97640073,-2.75180912,-3.97283888,-5.23063612,-6.65727329,-8.14692497,-9.84707355,-11.44627380,-12.80638313,-13.99984455,-14.93097401,-15.87130928,-16.77544594,-18.29503822,-19.39128494,-20.58096313,-21.59230614,-22.18535805,-22.94556236,-23.60170174,-23.40533829,-23.08771896,-23.64315033,-23.70812988,-24.12402534,-25.12081337,-25.44666862,-24.89606094,-23.63367462,-22.94208336,-21.60378265,-20.74284744,-28.22721672,-30.48026466,-4.63339186,-4.65632105,-2.78883410,4.62954664,11.06120205,17.21067238,20.40540314,28.69253731,28.50446510,25.95241356,26.67258644,26.86776161,21.84946632,16.15148735,10.28744125,3.82945919,0.51757216,-1.42082715,-0.85913283,-0.63143504,-0.52927423,0.00000000,nan
nan,nan,-0.15974358,-0.31479228,0.77566355,0.46608311,0.44472969,0.85852534,0.71119660,0.89240170,0.03343084,0.56890041,2.62155604,2.71729684,10.05191040,16.18731689,17.17727661,17.94119072,16.18758202,16.61881256,17.65363121,17.73640060,19.33287430,20.78955650,21.67867088,22.04114342,23.13796806,23.42093086,18.98999977,16.61942101,15.91738605,14.33140469,14.16478062,15.70776558,15.95553493,16.86786270,17.05257607,17.05537605,16.78667831,17.35098839,17.11726952,16.56205559,15.75782967,15.09054184,14.14978123,13.48354053,12.78476429,11.75740337,10.65863705,9.76318264,8.75272179,7.65967655,6.64231777,5.63292933,4.59090519,4.06673574,2.91323638,2.16088700,1.32986021,0.54165000,-0.12133083,-1.02209163,-1.77230978,-2.46549845,-3.20101571,-4.15923071,-5.20751524,-6.23501873,-7.16758680,-8.04621601,-9.04780769,-10.24687672,-11.57443523,-12.83359051,-13.98549843,-14.81603432,-15.85167599,-16.52475548,-16.86593246,-16.93570709,-18.21884727,-19.60095787,-20.06994629,-20.93659019,-21.34296989,-21.02794647,-20.44216919,-19.94565582,-19.25494576,-18.18112946,-23.46247292,-26.25507355,-3.30529833,-8.58318043,-9.23924351,0.14666273,7.82758141,14.83247375,17.66098213,28.42473030,27.40813065,26.33706856,27.51295280,26.78362274,21.86963272,16.17105865,10.15404415,3.46674466,0.03374101,-1.75754619,-1.03876722,-0.19663410,-0.30126163,0.00000000,nan
nan,nan,-0.41285601,-0.67367059,0.67482883,0.46377814,0.46653530,1.20432627,1.20950294,1.49092484,-0.10569230,0.63469023,0.23797923,3.04559779,8.84855938,16.06925774,17.37942123,17.34379387,16.75043297,17.66662979,18.97387505,19.60495377,20.68467903,22.59730148,22.66266441,23.48108673,24.10808372,25.92803764,23.50479698,21.83448601,20.82039070,17.25491905,17.19628143,18.12866592,20.10558128,18.12163162,17.92175865,17.67828941,17.46779823,17.62566757,17.06039047,16.44352722,15.29203892,14.57692051,14.11542034,13.20097256,12.45947170,11.62670898,10.91202831,10.12294579,9.53709698,8.87778187,8.29655838,8.07339382,7.49293852,6.85292673,7.19503307,6.47485399,6.00574350,5.26459789,4.64427137,4.27476215,3.97371221,3.60324907,3.46641207,3.09606719,2.52295446,2.13618040,1.73947263,0.94971836,-0.02182204,-0.95343703,-2.24299264,-3.20655274,-4.51513767,-5.53091335,-6.85505152,-7.62641716,-8.31521225,-9.12792683,-9.90741158,-12.02068138,-12.35986328,-12.70024967,-13.15367222,-13.07754993,-13.45228100,-12.60282612,-12.08072376,-11.65682316,-12.73685646,-15.10275269,0.67000580,-11.29620075,-11.87178898,-1.34525931,6.73486805,12.79478359,16.05526352,26.71632767,26.71135330,23.59926224,27.31222916,26.65595436,21.89487648,16.20008087,9.97707939,3.29221058,-0.65794933,-2.37544250,-1.17161536,-0.25220561,-0.21876320,0.00000000,nan
nan,nan,-0.81981331,-0.81822938,0.47855425,0.66338193,0.76214719,1.36400390,1.59636450,1.82430434,-2.00910497,0.08463464,0.11152437,1.48017156,8.03848457,14.83670425,15.19001293,14.72817135,14.99407101,14.28684998,17.21901894,17.42714119,17.82240677,20.38151360,20.44477463,20.88042831,21.03347778,23.94231606,23.45807266,22.72635078,22.09010696,20.01370049,19.79523849,20.11406326,19.51562309,18.63006592,18.77906036,18.69275284,17.24833107,17.13713646,16.17770576,15.54570103,14.35553837,13.77701378,13.36481953,13.14565659,12.79938984,12.32322216,11.87167358,11.82407856,11.75166416,11.75122452,11.51906300,11.31212139,11.12940884,10.72916222,10.16851902,9.97076702,9.80773640,9.90066814,9.82873440,9.53315163,9.31379032,9.12775612,8.85307312,8.86894131,8.80961037,8.39105034,7.78559160,7.32103300,6.76317453,6.73114491,5.74944162,4.98573589,3.73469853,2.71964335,1.55358315,0.82298207,0.10873935,-0.80939001,-1.80521274,-2.00923181,-2.89278340,-3.32571483,-3.55459046,-3.67582321,-4.29928017,-4.49003601,-3.30146718,-3.15030456,-0.86792260,0.36623394,6.31331635,-9.42627239,-8.78836250,0.62617570,6.92368889,11.33549595,14.58198166,27.10130692,26.80200958,23.61301041,27.14350128,25.74644852,21.91931152,16.24127388,8.99423122,2.49794126,-0.85633266,-2.34848428,-1.03066623,-0.36046517,-0.14854866,0.00000000,nan
nan,nan,-0.69972497,-0.61938250,0.51721656,1.01620424,1.02235246,1.41960371,1.82371581,1.69920921,-3.25349450,0.16730540,0.25036368,0.45973384,4.71603537,9.46610546,11.34358883,11.16993904,10.53754044,10.21354961,12.96951008,13.19021511,13.42742729,15.71309185,16.01993370,16.09639740,16.14229012,17.75752449,18.12335968,18.03227425,17.62825966,16.21678543,16.29145622,16.36606216,16.19357872,15.51073265,14.84248829,15.12106037,14.26972580,14.09371758,13.27286243,12.73095131,11.49224472,10.85319233,10.27209187,10.02473927,9.57366085,9.68180847,10.76669502,11.00506687,10.94360161,10.67462254,11.12757874,10.86439228,10.70313454,10.57281971,10.71946716,10.63677025,10.35871315,9.81345940,9.40766525,9.40666485,9.57728004,9.91938114,9.96119404,9.86249256,9.82828331,9.55450630,9.54123783,9.30032539,8.92644978,8.54740238,7.80871010,7.24536753,6.36837053,5.42334080,5.76749277,4.65809393,3.99641061,3.25983453,2.61786509,2.46762872,2.30715775,1.78021288,1.84792626,1.57707810,1.74167693,1.67861426,2.24556613,2.84813285,4.04984570,7.22245073,8.02551365,-5.89800024,-3.03524637,3.76210523,8.14438820,11.77780819,15.28744316,23.32492065,24.49286842,26.26651573,27.95142555,23.84457779,21.95323563,15.21699524,8.24955940,2.28279591,-1.09544039,-2.42886305,-0.95618695,-0.34573784,-0.09809446,0.00000000,nan
nan,nan,0.31539214,0.34610271,0.70390391,0.97812277,1.18673670,1.45495343,1.63538408,1.26941681,1.37547171,0.86887974,-0.15706219,-0.01334798,1.32450795,6.62855244,4.28721809,3.96358585,5.09687901,5.07028008,7.05138063,6.99077082,7.64568281,9.27881718,9.78379154,10.10710430,9.87546730,10.08428574,10.31795979,10.23765087,9.61551762,8.95926380,8.81054401,8.58205318,8.40376282,8.15595531,7.31933594,6.91702557,5.99277020,6.06852245,5.96226978,5.44244671,3.49050570,2.71029210,2.00362396,1.62273383,1.80590415,4.28266811,4.62177467,4.80565977,5.04414940,4.96649075,4.26380491,4.72703123,4.78648949,4.74520779,4.33542871,3.70662379,3.42116380,3.90113950,4.28912973,3.98885632,3.55320239,3.84016323,4.32459497,4.06248522,3.91920590,3.75167727,3.23427367,2.87509394,2.64443183,2.86711049,2.75883508,2.08709145,1.80870628,1.45617747,1.04288566,0.48621872,-0.16067311,-0.66976464,-1.00183165,-0.86579418,-0.96898210,-1.72147155,-1.41434324,-1.62390685,-1.43461418,-1.20032275,-1.79124296,-0.58195674,-0.55360502,-0.29278439,-2.45966625,-5.29686689,-1.84944379,2.40988255,7.11000109,11.11705208,14.75657177,21.81868744,23.94256210,23.79308701,24.51301003,24.07214355,22.01243019,14.91376209,8.60036278,2.44563818,-0.74871570,-1.65645182,-0.86262399,-0.38006368,-0.05661162,0.00000000,nan
nan,nan,0.78718036,0.52700162,0.38795412,0.57583946,0.91106802,0.98628730,0.72114557,0.92023671,0.47706264,0.64691561,0.55406743,-0.01334798,0.01037120,1.50863624,-0.52989006,0.26919737,-0.49324438,-0.46694347,0.28971437,0.45886859,0.86260301,1.96677136,2.62638545,2.87925553,2.82204270,2.88634372,3.06739974,2.45325208,1.66412485,1.10371673,0.52924484,0.14172907,-0.05975525,-0.35193703,-0.89294147,-1.92107058,-2.38751435,-2.38004184,-2.70685482,-3.17617297,-3.01510525,-3.18207335,-3.58136845,-4.16043520,-3.25449371,-3.09579372,-2.98868847,-3.12363148,-2.93225884,-2.78118825,-2.76893139,-3.18207049,-3.36386895,-3.23131895,-3.32049417,-3.14157081,-3.26524329,-4.20389748,-4.76079798,-4.80900383,-4.57591724,-4.92179680,-5.90752363,-6.17646646,-6.26369476,-6.31349897,-5.95502377,-5.89925289,-6.06611586,-6.55937672,-5.80511570,-6.52406502,-6.38135862,-6.01580143,-5.86010551,-5.83982038,-6.51934242,-7.03829098,-7.57474995,-8.40558147,-7.58186913,-8.39435673,-8.94994926,-9.45258999,-10.03065968,-9.77979088,-8.91795731,-10.87621689,-8.80274677,-11.84661674,-18.03573227,-10.17466450,-8.45884132,-2.91963243,1.99472654,4.63903093,7.38807726,13.93689346,19.73884201,19.22457504,18.86929512,19.51115608,20.44467545,13.62633038,8.28718662,1.68657255,0.03857337,-0.86258680,-0.74733508,-0.30367991,-0.00075439,0.00000000,nan
nan,nan,0.67994946,-0.05837059,-0.04887109,0.01208699,-0.03555413,-0.01646736,0.04280185,-0.00088606,-0.03072000,-0.03348152,0.06631774,-0.01334798,nan,0.01899255,-1.39357412,-0.82350802,-0.94483894,-1.96849859,-1.67142367,-1.83469641,-2.00764799,-2.30705166,-2.18308520,-1.92858958,-1.77864754,-1.57255328,-1.59437442,-2.40210414,-3.25519109,-3.81283855,-4.45592833,-4.85968733,-5.47045851,-5.60573483,-6.51879215,-7.10505056,-6.74381304,-7.29548502,-8.15626907,-8.45727158,-8.42782688,-8.77603626,-9.15866184,-8.91713142,-9.07590294,-9.41352367,-9.70078659,-9.67715359,-9.70068169,-9.96883583,-9.81605721,-10.10309505,-10.34590530,-10.96504307,-11.68618202,-12.49164486,-12.33735752,-10.82620907,-10.62077618,-10.96402168,-11.72053909,-12.75445175,-13.79671669,-13.84605408,-13.42889500,-13.11115646,-12.95259285,-12.73895454,-12.38613415,-12.82618618,-13.06436634,-13.65935135,-13.88026047,-14.15197563,-14.19560146,-13.96316910,-13.67683792,-13.85708427,-14.47576332,-15.25011826,-15.98835278,-15.40042019,-16.78116608,-17.30224228,-16.67264938,-17.70119476,-17.39774513,-17.80084419,-21.16320419,-21.57890511,-20.17674637,-14.86392593,-11.76882744,-7.67635298,-4.32585907,-1.66415679,0.71264344,8.46643734,9.97587490,12.07029247,13.09068871,16.52773666,15.47379398,10.00217056,5.91534615,1.42587399,0.16062421,-0.80338365,-0.51538384,-0.18324353,-0.00075439,nan,nan
nan,nan,0.12880962,-0.01444837,-0.00258584,0.04815645,-0.01627187,-0.00868951,0.04280185,nan,nan,nan,nan,nan,nan,nan,0.01198030,-0.05568599,-0.03505512,-0.36974084,-1.48521936,-2.13673925,-2.12282181,-3.01597452,-3.09134841,-3.63494992,-3.67403722,-3.56714582,-3.64448285,-4.45779753,-5.47972870,-6.10171032,-6.67062807,-6.83800983,-7.84069490,-8.31451607,-8.90264702,-9.89168739,-9.52201462,-9.53127670,-10.65503979,-11.09091663,-11.57678509,-12.18183708,-12.76047993,-13.06013012,-13.52457523,-13.10052586,-14.31326389,-14.18930531,-13.15425777,-12.77217579,-13.50752163,-13.84786415,-13.64250565,-13.47788143,-12.96118450,-12.22630882,-12.29814148,-14.04495811,-14.52507401,-14.31544495,-13.78324604,-13.39793015,-13.47570133,-13.50710773,-12.82889843,-12.65060806,-12.68278217,-12.78181934,-13.77783489,-14.27450466,-14.90552330,-15.20284843,-15.75653458,-16.42231941,-16.89500809,-16.83646393,-16.78090668,-16.40160942,-16.03849602,-16.65675926,-16.67921638,-17.76023102,-17.19503403,-16.88483810,-17.83329010,-18.21917534,-17.76985550,-16.86992645,-18.77074623,-19.89306068,-17.66030312,-14.75568104,-13.89447689,-11.96255875,-7.74873304,-6.70724678,-4.55597734,-3.49487162,-1.12383854,2.24105406,0.50697571,6.42247343,6.61739063,4.45670795,1.05678844,-0.13324741,-0.47861069,-0.33408663,-0.18667902,-0.08762840,-0.00075439,nan,nan
nan,nan,0.04705823,-0.00670508,-0.00258584,nan,nan,nan,nan,nan,nan,nan,nan,nan,nan,nan,nan,0.00304027,-0.00520336,-0.71488875,-1.71727264,-2.17532229,-2.46889496,-2.74098039,-2.71213388,-3.82428288,-3.97916698,-4.16821718,-4.50967884,-4.90435839,-5.35371351,-6.03813791,-6.64774275,-6.82100344,-7.57971525,-7.87811708,-8.76456261,-9.65185738,-9.67901230,-9.23556232,-10.78414917,-11.42371178,-11.76398373,-11.55724525,-11.93964100,-11.39377689,-11.74722290,-9.86003304,-10.03440380,-10.18900490,-8.96009350,-5.00278711,-5.34793615,-5.51945496,-5.75755882,-5.67621803,-5.83315134,-5.95449114,-5.46341658,-4.66053247,-4.30610228,-3.91730976,-4.21081448,-5.05463505,-6.21834469,-6.78570032,-7.86954641,-8.06446934,-8.07861710,-7.27410603,-7.36368799,-6.92318821,-7.29154253,-8.25166416,-8.67900944,-9.04557896,-9.43780231,-9.84889126,-10.19852638,-10.05268383,-9.92574978,-10.03650570,-10.79102802,-10.00618839,-9.38794231,-8.93113327,-9.07618332,-8.76898384,-8.85720539,-5.23386192,-4.59010744,-6.18456221,-5.63332987,-5.68298626,-6.34363079,-4.02972174,-2.74306750,-3.83396125,-3.08726645,-1.37366807,0.20504560,0.84506619,1.37277400,2.63086939,2.39377332,1.25709951,0.37624824,0.62300742,-0.07811943,0.02642325,0.00983086,0.02701266,-0.00075439,nan,nan
nan,nan,nan,nan,nan,nan,nan,nan,nan,nan,nan,nan,nan,nan,nan,nan,nan,nan,nan,-0.01045275,-1.46520543,-2.34442973,-2.59048510,-2.52812552,-2.60401654,-2.59370160,-2.41296244,-2.73796082,-3.12196589,-3.31195402,-3.36370635,-3.39910293,-3.40928507,-3.42518401,-4.24215841,-3.93151593,-4.88244009,-4.91425228,-4.25363779,-1.72138166,-1.49449348,-2.58180118,-1.96203721,-1.38041317,-1.23271477,-1.80133510,-4.37494707,-2.05835533,-2.34281445,-3.20709944,-3.65445614,-3.30364966,-3.23898983,-3.21839833,-3.42145538,-2.60745263,-2.38589740,-0.78833693,-0.37536669,-0.76183742,-1.28659606,-0.90368205,-0.12818341,-0.00818959,0.69598830,0.66469598,0.58476919,0.61359847,0.42362404,0.20387468,0.37563038,0.16531947,0.20573714,0.14610472,0.10356575,0.26213372,0.23306185,-0.25930470,-0.26135531,-0.32516941,-0.24958283,-0.68379945,-0.85795385,-1.25679135,-1.12579095,-0.32525089,-0.58533245,-0.59671807,-0.71461314,-1.01012170,-1.03500187,-1.34012711,-0.86171854,-0.20776345,-0.22945136,-0.49018851,0.02293778,0.23352998,0.36338454,0.03851851,0.19963819,0.15894261,0.06783264,0.21665430,0.34100577,-0.07828958,0.03960665,-0.00945918,0.02020727,0.02642325,nan,nan,nan,nan,nan
nan,nan,nan,nan,nan,nan,nan,nan,nan,nan,nan,nan,nan,nan,nan,nan,nan,nan,nan,nan,-0.00551937,-0.01151292,-0.01235268,-0.00954126,0.01130454,0.01683208,0.00011139,-0.00685970,-0.00126541,-0.01084955,-0.03259083,-0.06454841,-0.05923596,-0.05591702,-0.03580726,-0.03001939,-0.02906382,-0.03017375,-0.02112941,-0.02097777,-0.01360288,-0.00644277,-0.00495617,-0.00926113,-0.00990383,0.00076382,0.00247946,0.00812613,0.00438441,0.00592633,-0.00675006,-0.00714598,-0.01152905,-0.00166688,0.00079234,-0.00246913,-0.01225719,-0.00495852,-0.00055043,0.00378986,0.00551597,0.00280768,-0.00581577,-0.01132790,-0.01424536,-0.01472194,-0.00908061,-0.00981578,-0.00370122,0.00549546,0.01555312,0.02065275,0.02036147,0.00767042,0.00352243,0.00301695,0.01104293,0.01183182,0.02026187,0.01856558,0.02059329,0.03216231,0.03361024,0.02862320,0.01927198,0.01231760,0.00210217,0.00097356,-0.00471845,-0.00474134,-0.00947725,-0.54229832,0.02271902,0.03090439,0.00689452,-0.01053869,0.02218698,0.04443849,0.05761588,0.03851851,0.04513608,0.06432486,0.05397831,0.01569615,0.00789626,0.03050647,0.03960665,nan,nan,nan,nan,nan,nan,nan,nan
